"SKN","Station.Name","Observer","Network","Island","ELEV.m.","LAT","LON","NCEI.id","NWS.id","NESDIS.id","SCAN.id","SMART_NODE_RF.id","X2026.03.01","X2026.03.02","X2026.03.03","X2026.03.04","X2026.03.05","X2026.03.06","X2026.03.07","X2026.03.08","X2026.03.09","X2026.03.10","X2026.03.11","X2026.03.12","X2026.03.13","X2026.03.14","X2026.03.15","X2026.03.16","X2026.03.17","X2026.03.18","X2026.03.19","X2026.03.20","X2026.03.21","X2026.03.22","X2026.03.23","X2026.03.24"
3.9,"LOWER KAHUKU CS","LOWER KAHUKU CS","RAWS","BI",953.7192,19.10083333,-155.6697222,NA,"LKHH1","32D620C2",NA,NA,4.06399999999985,3.302,0.761999999999944,7.62,2.79399999999987,4.31800000000021,0.507999999999811,4.826,0.761999999999944,0,28.702,19.5580000000002,39.6239999999998,386.588,28.4480000000001,16.2560000000001,10.4139999999998,6.096,4.31799999999998,1.52400000000011,0.507999999999811,17.5260000000003,0,1.26999999999998
4.15,"SOUTH POINT NEAR NAALEHU 12SSW","NWS","STATE","BI",295.78,18.9928,-155.668,NA,"SOPH1","B1507246",NA,NA,0,0,0,0,0,0,0,0,0,0,NA,NA,NA,NA,NA,NA,NA,0,0,0,0,NA,0,0
9.2,"Nene Cabin","Nene Cabin","RAWS","BI",1991.7737,19.2564,-155.6144,NA,"NENH1","32D64524",NA,NA,0.253999999999678,0,0,0,0,0,0,13.4619,0,0,19.0500000000002,13.9700000000003,75.1839999999997,227.584,17.018,8.38200000000001,1.77799999999999,3.048,6.85799999999999,3.55600000000001,0,15.748,3.04799999999997,0.762000000000029
12.16,"Kaiholena 0231","HiMesonet","HiMesonet","BI",631,19.16877,-155.57035,NA,"018HI",NA,NA,NA,7.62,10.668,0.762,4.572,1.27,10.414,0,14.2494,3.81,1.778,13.97,12.446,92.9386,NA,9.398,4.826,6.604,23.876,3.302,1.778,0.254,9.144,19.9644,10.922
21,"Pahala","KAU SUGAR","HydroNet-UaNet","BI",346.8624,19.2042999,-155.4872,"USC00517421","PPLH1","B16084B2",NA,NA,3.30199999999996,1.778,0,0.254,2.286,0.253999999999962,0,0,0,0.254000000000019,24.384,9.14400000000006,45.212,NA,9.39799999999991,49.276,19.558,11.6840000000002,2.28599999999983,0.508000000000038,1.01600000000008,9.65200000000004,180.848,11.684
23,"KAHUKU","RAWS","RAWS","BI",1796.4912,19.23222222,-155.78,NA,"KRCH1","32639544",NA,NA,0,0,0,0,0.254,0.254000000000001,0,2.286,0,0,12.7,16.002,35.56,385.318,133.858,45.212,10.16,3.30200000000013,3.55600000000004,2.03199999999993,8.38200000000006,41.6559999999998,0,0
23.1,"Kona Hema 0243","HiMesonet","HiMesonet","BI",1283,19.2068247,-155.8109802,NA,"035HI",NA,NA,NA,0.254,0,0,0,0,0.508,0,9.1694,0,0,13.716,16.256,20.066,361.3658,89.7382,29.464,6.858,12.7,6.096,0.254,19.558,35.3822,0.508,0
23.3,"Manuka 0235","HiMesonet","HiMesonet","BI",108,19.05934,-155.852,NA,"067HI",NA,NA,NA,0,0,0,0,0,0,0,0,0,0,3.81,7.62,4.572,183.134,27.94,1.016,10.16,1.27,1.778,0,17.018,7.874,0,0
27.6,"Honaunau No. 2","NWS","HydroNet-UaNet","BI",398.0688,19.4629002,-155.8824,NA,"HAUH1","15D12742",NA,NA,0,0,0,0,6.60400000000001,0,0.50800000000001,1.016,0,0,1.01600000000002,8.12799999999999,3.048,284.988,83.5659999999999,32.5120000000001,4.82600000000002,0,1.26999999999998,0,10.1600000000001,21.8439999999999,3.55600000000004,0
29.12,"Kealakekua","NWS","HydroNet-UaNet","BI",537.972,19.5181007,-155.9159,NA,"KLEH1","81708572",NA,NA,1.01599999999999,0,0,0,7.87400000000001,0,8.12799999999999,2.54,0,0,0.762000000000015,10.668,7.61999999999999,264.414,57.912,42.4180000000001,5.58799999999997,0,1.27000000000004,0.507999999999981,8.12799999999999,23.3680000000001,14.478,0
34,"Kapapala Ranch","NWS","HydroNet-UaNet","BI",638.556,19.2754993,-155.4514,"USC00513300","KAYH1","B16097C4",NA,NA,4.06400000000002,0.508,0.254000000000019,0,1.524,0,0.253999999999962,0,0,0,9.90600000000006,10.414,66.04,NA,11.684,16.2560000000001,27.178,19.812,3.30199999999991,0.254000000000133,22.3519999999999,11.684,85.8520000000001,5.07999999999993
36.3,"KAPAPALA RANCH","KAPAPALA RANCH","RAWS","BI",1081,19.25811,-155.441781,NA,"KPRH1","AA10E258",NA,NA,1.524,0,0,0,1.52399999999994,0,0,0,0,0,11.4300000000001,10.6679999999999,53.8480000000001,NA,11.1759999999999,34.544,23.1140000000001,19.05,2.79399999999998,0.254000000000019,7.87400000000014,11.684,101.6,17.78
38.9,"KAELAKOMO","KAELAKOMO","RAWS","BI",29.5656,19.29277778,-155.1075,NA,"KMOH1","32807432",NA,NA,1.27000000000004,0,0.254000000000019,0,0,1.77800000000002,3.048,2.54,0.761999999999944,0.508000000000095,42.164,11.1759999999999,37.8460000000001,206.502,16.764,14.478,13.97,3.80999999999995,2.03199999999993,0,1.2700000000001,7.11199999999997,7.11200000000008,0
39,"Mauna Loa Observatory","NWS","ESRL/GMD","BI",3397,19.5362,-155.5763,"USC00516198","MOBH1",NA,NA,NA,0,0,0,0,0,0,0,0,0,0.254,2.794,12.954,37.592,149.86,62.992,5.334,11.43,1.0161,12.192,0.762,0,17.78,1.016,0
43.3,"PUHE CS","PUHE CS","RAWS","BI",34.126,20.025,-155.8211111,NA,"PHRH1","32D61558",NA,NA,0,0,0,0,2.28599999999994,0,0.508000000000038,0.254,0,0,0.508000000000038,6.60399999999993,1.01600000000008,226.06,61.4680000000001,15.24,1.01599999999996,0.253999999999905,0.507999999999925,0,0,13.2080000000001,NA,0
47,"KEMOKU LAVA FLOW","RAWS","RAWS","BI",1706.88,19.47555556,-155.3627778,"USR0000HKEA","KKUH1","FA4447E8",NA,NA,3.55600000000001,0,0,0,0,0,0,0,0,0.762,18.288,6.09599999999995,250.19,387.096,27.9399999999998,22.8600000000001,69.85,15.2399999999998,1.77800000000002,1.77800000000002,19.05,14.9860000000001,3.55600000000004,0.507999999999811
48,"PALI 2","RAWS","RAWS","BI",847.344,19.3175,-155.2922222,"USR0000HPAL","PLIH1","FA900222",NA,NA,6.096,0,0,0.254,0.253999999999962,0,0.762000000000057,0.254,0.253999999999962,0,41.6559999999999,11.4300000000001,59.6900000000001,NA,12.7,78.232,28.194,13.9700000000003,6.34999999999991,0,NA,20.0659999999998,18.288,NA
54.2,"Glenwood","HELBUSH XL","HydroNet-UaNet","BI",802.2336,19.5076008,-155.1707,"USC00510744","GLNH1",NA,NA,NA,6.096,4.318,1.016,9.906,1.016,0.762,8.382,12.954,3.048,0,10.668,2.794,33.782,202.946,6.858,9.398,89.662,3.556,1.27,0,11.4508724302028,3.048,6.35,14.732
54.8,"Nahuku 0201","HiMesonet","HavoNet","BI",1202,19.415215,-155.238394,NA,"004HI",NA,NA,NA,4.318,3.81,2.032,8.128,1.524,0.254,9.144,6.858,7.366,0.508,25.2476,5.588,106.3244,68.5523538605858,24.638,48.4886,66.929,9.144,2.794,0,10.2108,13.5382,18.1102,6.604
63,"KALOKO-HONOKOHAU","RAWS","RAWS","BI",7.62,19.67277778,-156.0202778,NA,"KHOH1","FA667668",NA,NA,0,0,0,0,0,0,0,0,0,0,0.508000000000003,9.144,8.636,153.162,47.498,33.274,3.55600000000004,0,0.507999999999981,1.01600000000002,1.77799999999996,0.508000000000038,4.572,0
64.1,"Pahoa 0204","HiMesonet","HiMesonet","BI",175,19.501169,-154.943731,NA,"047HI",NA,NA,NA,0.762,7.874,1.778,9.652,1.016,4.064,9.652,3.302,0.762,0.254,31.3182,2.286,48.895,248.1834,10.414,12.954,94.5642,4.064,1.016,0,0.762,1.524,84.0232,24.3078
68.21,"KAILUA KONA KE AHOLE AIRPORT","KAILUA KONA KE AHOLE AIRPORT","NWS","BI",27,19.73556,-156.04889,"USW00021510","PHKO",NA,NA,NA,0,0,0,0,0,0.508,NA,NA,0,0,0.762,6.604,5.842,118.872,12.7,26.416,5.08,0,1.778,0.508,0,0.254,2.54,0
68.61,"Keahuolu 0241","HiMesonet","HiMesonet","BI",537,19.668669,-155.957474,NA,"029HI",NA,NA,NA,0.254,8.4328,0.254,4.318,9.652,2.032,1.016,14.986,0.254,0,0.254,11.43,12.7,224.8154,64.1858,59.817,9.144,0.508,1.778,1.524,0,1.778,36.0172,0
69.25,"Palamanui","HiMesonet","HIPPNET","BI",264,19.73756,-155.99582,NA,"008HI",NA,NA,NA,0,2.032,0.508,0,0,0,0,0,0,0,1.524,11.938,13.462,182.626,39.878,40.132,10.16,0,0.508,1.27,0.254,0,21.59,0
70.16,"Waiaha Stream","NWS","HydroNet-UaNet","BI",460.5528,19.6331997,-155.9486,NA,"WIHH1","9321011E",NA,NA,0.253999999999991,0,0.254000000000005,0,5.08000000000001,2.53999999999999,1.26999999999998,0,0,0,0.253999999999991,10.922,13.97,225.806,57.912,51.816,4.57199999999995,0,0.762000000000057,1.52399999999994,1.27000000000004,1.77800000000002,37.8459999999999,0
70.7,"Puuwaawaa","HiMesonet","HIPPNET","BI",1654,19.725393,-155.873917,NA,"010HI",NA,NA,NA,0,0,0,0,2.032,1.524,0,4.064,0,0,3.048,20.066,NA,NA,173.736,NA,7.874,7.112,5.842,5.588,0.254,5.588,8.128,0
73.34,"Kainaliu","SCAN","SCAN","BI",416,19.53322,-155.92914,NA,"KXXH1",NA,"2096",NA,NA,NA,NA,NA,NA,NA,NA,NA,NA,NA,NA,NA,NA,NA,NA,NA,NA,NA,0,NA,NA,NA,NA,NA
73.35,"Kona Ag 0246","HiMesonet","HiMesonet","BI",446,19.5335322,-155.9263885,NA,"068HI",NA,NA,NA,0.762,0,0,0,3.048,0.254,14.224,2.286,0.254,0,0.254,10.414,7.366,223.774,55.88,36.068,5.842,0,0.762,0,9.906,9.906,24.892,0
75.1,"PTA KIPUKA ALALA","RAWS","RAWS","BI",1641.348,19.66694444,-155.7077778,"USR0000HPTK","PKAH1","32666200",NA,NA,0,0,0,0,0,0,0,0,0,0,1.01600000000001,8.382,5.334,162.814,72.136,20.574,3.048,0.762,2.79399999999998,0,0.508000000000038,9.14399999999995,1.27000000000004,0
77.11,"Kealakekua 0244","HiMesonet","HiMesonet","BI",1840,19.505859,-155.762429,NA,"050HI",NA,NA,NA,0,0,0.254,0.762,1.778,1.016,0,10.6934,0,0,6.096,12.7,11.684,317.9826,155.9052,37.3634,16.002,0.254,11.176,0.508,1.524,17.526,8.9154,0
83,"QuarryRainGageatSaddleRd","USGS","USGS","BI",1286.256,19.68586111,-155.2942222,NA,"SDQH1","DDF6B6E4",NA,NA,18.542,2.286,0.762000000000057,1.524,0.762000000000057,0,4.06399999999996,6.35,0.253999999999905,0.254000000000019,4.572,3.81000000000006,9.90599999999995,45.212,24.638,17.78,10.16,10.4140000000001,4.06399999999996,0.762000000000057,65.0239999999999,16.002,19.558,4.572
84.1,"Piihonua 0213","HiMesonet","HiMesonet","BI",606,19.7064059,-155.1873737,NA,"040HI",NA,NA,NA,42.5704,6.858,6.604,16.51,0.762,1.016,27.0002,41.275,9.906,0,4.064,2.794,13.208,83.058,35.56,41.0464,18.0848,4.318,2.286,0,35.2806,18.5928,35.052,48.1838
85.2,"Waiakea Uka","NWS","HydroNet-UaNet","BI",303.8856,19.6585999,-155.1277,"USC00519084","WKAH1",NA,NA,NA,4.82062680307905,2.62319664847603,2.58158940708832,10.9800732080739,0.998282396104986,4.54802991615491,13.75577997713,22.098,2.14517144237813,0.19125189370969,12.5689101577556,2.03015997717829,14.7552018500146,90.17,4.318,4.572,140.554941342271,2.61048130601347,4.16737840240231,0.17915644069568,8.43699887473991,11.2284987163312,22.7236633690076,10.9480721557602
87,"HILO INTERNATIONAL AIRPORT 87","NWS","HydroNet-UaNet","BI",11.6,19.7191,-155.053,"USW00021504","PHTO",NA,NA,NA,4.01427812299181,1.016,2.54,12.7,1.27,3.302,11.4548437127744,31.75,1.016,0.254,12.954,3.556,6.096,142.24,5.334,6.096,238.76,2.17382477949043,7.874,0,7.874,11.176,18.796,7.366
87.9,"IPIF","HiMesonet","HIPPNET","BI",112,19.69748,-155.0954,NA,"005HI",NA,NA,NA,8.382,2.54,3.556,8.128,0.508,9.398,16.002,30.988,2.286,0.254,11.684,1.27,6.35,112.776,6.858,7.874,49.784,4.318,1.778,0.508,14.986,16.51,37.592,9.906
88.8,"Waiakea Exp Farm","UNIV HAWAII","STATE","BI",183,19.644743,-155.0805636,NA,"WEXH1","CD07410A",NA,NA,11.176,0,3.302,8.382,1.016,0.762,23.876,25.4,7.874,0,16.256,2.032,7.874,119.634,6.35,4.826,93.472,5.588,1.778,0,2.794,20.066,76.962,19.304
89.11,"Piihonua","NWS","HydroNet-UaNet","BI",296.8752,19.7098007,-155.1395,"USC00518053","PIIH1",NA,NA,NA,4.48706369829155,2.063131178968,1.45657274689176,10.2203074224836,0.456014444995524,2.794,15.494,38.862,1.61818291046063,0.0833798584913529,10.5872219478728,2.032,6.096,75.946,5.5434643065046,6.6789287200992,83.4517721973747,2.42984914239786,1.35791722006407,0.166759716982706,7.85320102962374,6.39063759189684,25.0854173343673,8.58101670247349
89.15,"HONOLII STREAM NEAR PAPAIKOU NEAR HILO 3N ","USGS","USGS","BI",522.23157,19.7667,-155.1544,NA,"NLIH1","D114953C",NA,NA,17.7800000000001,0,5.58799999999997,4.064,2.28599999999983,9.65200000000004,23.3680000000001,25.4,8.88999999999999,1.52400000000011,3.55600000000004,1.01599999999985,17.78,91.9480000000001,25.9080000000001,25.3999999999999,10.414,5.33400000000006,2.53999999999996,0.508000000000038,37.0840000000001,31.75,14.4779999999998,62.2300000000002
91.15,"Mountain View","Mountain View","HydroNet-UaNet","BI",346.5576,19.5674992,-155.0841,NA,"MTVH1",NA,NA,NA,2.032,2.794,3.556,9.144,0.254,1.27,8.128,15.24,3.048,0.254,9.144,1.524,14.732,95.25,3.302,5.08,108.966,1.524,1.2699,0,0.254,3.048,45.466,39.624
91.9,"Pahoa Beacon","NWS","HydroNet-UaNet","BI",187.1472,19.5149994,-154.9644,NA,"PHAH1",NA,NA,NA,0,0,0,8.3862910230962,0,0,10.506302822559,3.302,0,0,9.144,0,27.686,137.16,4.33219631098025,1.27,102.362,0,1.0159,0,0,0.254,26.924,2.794
92.11,"Keaau 0202","HiMesonet","HiMesonet","BI",182,19.6061748,-155.0515231,NA,"033HI",NA,NA,NA,5.842,5.588,1.016,9.652,1.016,2.54,11.684,19.5834,9.144,1.016,24.1554,1.27,16.7894,111.6584,4.826,5.334,104.5972,6.858,0.762,0,NA,4.572,71.5518,16.8402
92.5,"KiholoRainGage","USGS","USGS","BI",283.96692,19.82580556,-155.8925833,NA,"KIRH1","DD60236E",NA,NA,0,0,0,0,0,0,0,0,0,0,0,16.764,4.064,64.008,10.922,11.938,35.814,0,2.79399999999998,1.27000000000001,0,0.254000000000019,21.844,0
93.12,"PUUANAHULU","RAWS","RAWS","BI",830.58,19.83277778,-155.7697222,NA,"PULH1","48703040",NA,NA,0,0,0,0,0,0,0,0,0,0,0.253999999999998,7.874,8.63600000000001,51.308,45.212,25.908,22.352,0.253999999999991,4.572,1.77799999999999,1.52399999999997,4.31800000000001,15.748,0
93.13,"Mamalahoa","HiMesonet","HIPPNET","BI",603,19.80258,-155.850629,NA,"009HI",NA,NA,NA,0,3.048,0,3.81,1.778,0.254,0,10.414,0,0,0.508,11.938,3.048,71.374,28.956,14.478,24.892,0,7.112,1.27,0.254,1.016,14.224,0
94,"KAUPULEHU LAVA FLOW","RAWS","RAWS","BI",372.1608,19.80333333,-155.9180556,NA,"KPLH1","4870E628",NA,NA,0,0,0,0,2.032,0.253999999999998,0,0,0,0,0,8.636,5.84199999999999,137.668,20.828,17.018,57.912,0,3.55599999999998,0.762,0,0,31.496,0
94.5,"PUU WAAWAA","RAWS","RAWS","BI",708.9648,19.795,-155.8452778,"USR0000HPUW","PWWH1","487046D0",NA,NA,0,0,0,0,0.762000000000008,0,0,0,0.254000000000005,0,0.253999999999998,12.7,3.556,76.454,33.02,14.986,23.876,0,9.90600000000001,1.01600000000005,0.253999999999991,1.26999999999995,16.002,0
94.6,"Kaiaulu Puuwaawaa 0242","HiMesonet","HiMesonet","BI",1161,19.77241,-155.83118,NA,"034HI",NA,NA,NA,0,0,0,0,3.81,0,0,0.762,0,0,0.254,9.144,5.08,100.6856,39.116,20.574,22.098,1.27,16.891,0.254,2.54,1.778,12.7,0
95.6,"WAIKOLOA","RAWS","RAWS","BI",297.7896,19.92416667,-155.7936111,NA,"WKVH1","4870C0C4",NA,NA,0,0,0,0,0.762,16.764,1.524,0,0,0,0.254000000000019,4.572,4.06399999999996,59.6900000000001,18.2879999999999,26.162,8.12800000000004,1.77800000000002,0.253999999999905,2.03200000000004,0,0.254000000000019,18.034,0
98.2,"PUHO CS","PUHO CS","RAWS","BI",29.5656,19.42194444,-155.9075,NA,"PERH1","32D6803A",NA,NA,0,0,0,0,0,0,0.253999999999905,0,0,0,0,3.048,2.03200000000004,46.228,13.2080000000001,13.208,1.01599999999996,0,0,1.01599999999996,0.508000000000038,NA,0.508000000000038,0
98.3,"Kawaihae 0254","HiMesonet","HiMesonet","BI",113,20.0240444,-155.807983,NA,"063HI",NA,NA,NA,0,0,0,0,0,4.572,2.794,0,0,0,0,5.334,3.556,85.979,21.3106,26.6446,2.032,1.016,0.254,1.778,0.762,0.254,8.382,0
99,"PTA WEST","RAWS","RAWS","BI",1307.592,19.77166667,-155.7022222,"USR0000HPTW","PKWH1","32667176",NA,NA,0,0,0,0,0,0,0,0,0,0,0.507999999999996,18.542,1.77800000000001,85.852,43.434,26.416,20.828,2.79399999999998,6.096,10.414,1.26999999999995,11.4300000000001,6.34999999999997,0
100.3,"Waikii","Waikii","HydroNet-UaNet","BI",1417.0152,19.8614006,-155.6506,NA,"WHIH1","932127F2",NA,NA,0,9.652,0.253999999999991,0,5.07999999999998,0.762000000000015,0.253999999999991,0.254,3.55599999999998,0,0.762000000000015,28.956,23.622,89.662,92.202,38.354,25.908,5.33399999999995,7.11200000000008,6.34999999999997,1.27000000000004,7.36599999999999,5.84199999999998,0
101.1,"PTA KEAMUKU","RAWS","RAWS","BI",1025.9568,19.90222222,-155.6786111,NA,"PKMH1","328FB7BE",NA,NA,0,0,0,0,2.286,0,0,0,0.253999999999991,0,0.50800000000001,22.098,21.336,80.518,65.2779999999999,35.8140000000001,26.6699999999999,3.04800000000006,2.79399999999998,4.31800000000004,1.26999999999998,3.55600000000004,9.14400000000001,0
102.8,"AUHMOA","RAWS","RAWS","BI",2001.9264,19.83638889,-155.6130556,NA,"AHMH1","4870D3B2",NA,NA,0,0,0,0,0.508000000000003,1.524,0,0,4.572,0,0.50800000000001,10.668,14.224,91.948,94.996,32.5119999999999,20.574,7.11200000000002,3.048,7.11199999999997,1.27000000000004,8.88999999999999,12.7,0
102.9,"Aipalaoa 0222","HiMesonet","HiMesonet","BI",2039,19.8541197,-155.5915919,NA,"054HI",NA,NA,NA,0,1.524,0,0,0.762,2.286,0,0.508,3.81,0,0.254,13.5128,26.4414,133.096,108.3056,31.115,20.3454,7.874,2.54,7.112,1.016,8.382,10.1854,0
103.3,"Mana House","Mana House","SCAN","BI",1288,19.959999,-155.539993,NA,"MANH1",NA,"2097",NA,NA,NA,NA,NA,NA,NA,NA,NA,NA,NA,NA,NA,NA,NA,NA,NA,NA,NA,5.842,NA,NA,NA,NA,NA
105.1,"Kaluamakani 0221","HiMesonet","HiMesonet","BI",1880,19.9153271,-155.5002897,NA,"053HI",NA,NA,NA,0,0,0.254,0.508,1.016,2.794,0,0.254,1.524,0,1.524,25.8064,26.162,117.1448,65.3288,17.018,50.546,7.62,15.24,7.112,5.334,8.636,2.286,8.128
107.4,"PTA EAST","RAWS","RAWS","BI",1959.864,19.68277778,-155.5452778,"USR0000HPTA","PTAH1","3266D18E",NA,NA,0.254000000000005,0,0,NA,0,0,0,0,3.04799999999999,2.794,0.508000000000003,7.36600000000001,1.77799999999999,41.656,38.354,1.77799999999999,7.36599999999999,5.08000000000001,2.286,3.55600000000001,1.26999999999998,8.38200000000001,2.53999999999999,0
109,"PTA RANGE 17","RAWS","RAWS","BI",1734.312,19.74583333,-155.6261111,NA,"PTRH1","3279630C",NA,NA,0,0,0,0,0,0,0,0,1.27,0,0.761999999999993,24.13,2.03200000000001,75.692,54.102,12.7,15.748,5.33399999999997,2.54000000000005,8.88999999999999,0,13.462,1.77800000000002,0
113.2,"PUU MALI","RAWS","RAWS","BI",2165,19.92666,-155.44,NA,"PMLH1","3181742E",NA,NA,0,0,0,0,0,0,0,1.27,0.50800000000001,0,8.38199999999998,4.82599999999999,5.58799999999999,58.674,38.862,16.002,62.992,12.954,20.574,6.35000000000002,2.53999999999996,6.858,0.762000000000057,26.67
124.3,"Waipunalei 0214","HiMesonet","HiMesonet","BI",1654,19.9090639,-155.332875,NA,"057HI",NA,NA,NA,0.254,0,0,0,0,0,0,0.508,0.254,0,8.9662,2.54,7.874,36.0934,27.0002,10.9474,32.258,19.6342,3.556,2.794,6.604,25.1968,10.2108,82.0674
126.2,"Kanakaleonui 0211","HiMesonet","HiMesonet","BI",2352,19.845036,-155.362586,NA,"022HI",NA,NA,NA,0,0,0,0,0,0,0,2.54,0,0,2.032,3.81,23.876,84.9376,24.3586,6.604,11.176,10.668,5.842,3.0226,0,18.288,14.0208,8.89
127.5,"Laupahoehoe","HiMesonet","HIPPNET","BI",1152,19.93217,-155.29129,NA,"007HI",NA,NA,NA,2.286,0.508,0,0,0,0,0.508,1.524,0.508,0,1.016,1.524,8.636,34.036,48.26,7.112,34.29,9.144,5.334,2.794,1.778,24.13,19.05,172.212
129,"HAKALAU","RAWS","RAWS","BI",1950.72,19.82111111,-155.3305556,"USR0000HHAK","HKUH1","8374D370",NA,NA,0.253999999999962,0,0.254000000000019,0,0,0,0,2.98073899608769,0.254000000000019,0,2.03199999999998,3.048,19.304,65.7859999999999,19.0500000000001,5.58799999999997,9.14400000000001,18.034,14.478,3.30200000000002,0.762000000000057,24.384,9.14400000000001,9.14400000000001
132.2,"Spencer","HiMesonet","HIPPNET","BI",469,19.96358,-155.25014,NA,"006HI",NA,NA,NA,2.54,0,4.064,3.81,0,0,3.048,13.716,0.508,0,0,1.524,7.62,36.322,37.592,5.334,42.672,11.43,1.778,2.286,0.508,28.956,16.51,22.352
133.3,"Laupahoehoe","NWS","HydroNet-UaNet","BI",499.872,19.9792,-155.2372,NA,"LPHH1","B159741A",NA,NA,1.52399999999989,0,3.04800000000023,1.524,0,0.507999999999811,2.53999999999996,6.858,0.762000000000171,0,0,1.01600000000008,8.1279999999997,38.0999999999999,42.1640000000002,3.80999999999995,55.1179999999999,17.2719999999999,1.77800000000025,1.77799999999979,0,30.9879999999998,16.0020000000004,10.922
140.6,"Papaikou Well","NWS","HydroNet-UaNet","BI",345.6432,19.7884998,-155.1313,NA,"PPWH1",NA,NA,NA,NA,NA,NA,NA,NA,6.604,NA,20.32,NA,NA,NA,NA,12.7,78.74,NA,NA,NA,NA,NA,NA,NA,NA,NA,NA
141.1,"Kulaimano 0212","HiMesonet","HiMesonet","BI",260,19.834341,-155.122435,NA,"021HI",NA,NA,NA,16.256,2.54,8.763,10.16,1.016,19.304,9.652,20.32,2.032,0,3.048,0.254,19.558,87.8586,9.652,12.446,20.066,12.7,1.778,0.254,11.938,22.352,12.954,9.652
147.2,"KOHALA RANCH","KOHALA RANCH","RAWS","BI",328.8792,20.08305556,-155.8325,NA,"KHRH1","4870B654",NA,NA,0,0,0,0,0.254000000000005,0,0,0,0,0,0,7.366,5.842,106.934,17.272,36.83,1.01599999999999,0.253999999999991,0.508000000000038,3.55599999999995,1.52400000000003,0.507999999999981,8.89000000000001,0
148.61,"Puuloa 0253","HiMesonet","HiMesonet","BI",1026,20.0621502,-155.7511354,NA,"062HI",NA,NA,NA,0,0,0,3.302,1.016,0,0,6.9088,0,0,0.508,15.367,9.144,147.4216,59.2328,38.481,10.414,0.762,0.508,3.048,12.5984,0.508,9.398,2.032
160.3,"Upolu Airport","NWS","HydroNet-UaNet","BI",34,20.265,-155.8582,NA,"UPLH1","B15017A0",NA,NA,0,0,0,2.54,0,0,0,2.032,0,NA,1.524,9.144,7.112,93.472,2.794,42.926,20.574,0.2539,0.762,2.54,1.27,2.54,13.716,8.382
176.3,"Kahua Ranch HQ","KAHUA RANCH","HydroNet-UaNet","BI",987.552,20.1249008,-155.7884,NA,"KASH1","15D293C2",NA,NA,0,0.254,2.28600000000006,2.286,4.06399999999996,0.254000000000019,0,0.254,0.253999999999905,0,0.254000000000019,12.7,9.65199999999993,169.672,46.228,42.1640000000001,6.34999999999991,14.732,1.01599999999996,3.04800000000012,1.77800000000002,4.3180000000001,29.972,27.6859999999999
177.1,"Iole 0258","HiMesonet","HiMesonet","BI",52,20.241549,-155.779528,NA,"075HI",NA,NA,NA,0,0,0.254,2.5654,0,0.254,0,6.9088,0.254,0,0,7.4168,11.684,126.619,7.1374,35.8902,22.86,2.286,0.254,1.778,0.508,5.6642,38.5826,5.4356
177.2,"Io 0257","HiMesonet","HiMesonet","BI",538,20.19367,-155.80635,NA,"074HI",NA,NA,NA,0,1.778,8.89,11.684,0,4.318,3.81,3.556,0,0,0.254,13.2334,11.684,193.7766,23.876,57.9374,24.13,5.588,0.254,1.778,3.81,7.3914,46.863,5.842
181.3,"Kehena 0251","HiMesonet","HiMesonet","BI",1158,20.122834,-155.749329,NA,"025HI",NA,NA,NA,0,4.572,12.7,11.684,1.524,4.064,2.54,4.318,0.508,0,0.254,18.8214,10.922,313.3852,106.7308,56.642,22.86,9.398,1.778,3.302,14.478,1.27,NA,65.5574
185.7,"KawainuiRainGagenearKamuela","USGS","USGS","BI",1237.488,20.08533333,-155.6811667,NA,"KWSH1","DDF6A592",NA,NA,0.507999999999811,3.302,28.9560000000001,0.762,1.01600000000008,7.62000000000012,2.28599999999983,1.778,2.53999999999996,0.254000000000133,1.27,19.304,17.526,293.624,125.476,29.972,16.764,5.334,1.524,2.79399999999998,2.03200000000004,0.507999999999925,4.82600000000014,66.0399999999998
185.8,"Waipoo 0255","HiMesonet","HiMesonet","BI",1381,20.099334,-155.696415,NA,"064HI",NA,NA,NA,0.254,11.7348,20.0914,4.826,0.508,5.334,1.016,10.668,2.794,0,1.27,12.8016,13.9954,188.2648,60.8076,22.4282,15.9004,3.556,1.016,1.524,16.2814,0,11.0744,68.1228
189,"Waimea Plain","SCAN","SCAN","BI",927,20.0096,-155.5979,NA,"WPLH1",NA,"2099",NA,NA,NA,NA,NA,NA,NA,NA,NA,NA,NA,NA,NA,NA,NA,NA,NA,NA,NA,1.778,NA,NA,NA,NA,NA
191.41,"Lalamilo 0252","HiMesonet","HiMesonet","BI",802,20.019528,-155.677085,NA,"027HI",NA,NA,NA,0,0.508,1.778,2.032,4.318,0.508,0,1.016,0,0,0.508,17.018,15.494,168.1988,61.5188,37.084,13.97,0.508,0.762,2.794,0.508,1.778,11.4554,5.334
192.7,"Kamuela Upper","NWS","HydroNet-UaNet","BI",948.5376,20.0319996,-155.6667,"USC00513080","KUUH1","817075F6",NA,NA,0,2.286,7.36599999999999,2.032,6.34999999999997,0,2.79399999999998,0,0.254000000000019,0,0.762,18.542,17.78,187.452,73.6599999999999,35.052,13.462,3.30200000000002,1.26999999999998,3.048,0.508000000000038,1.524,17.526,21.082
201.3,"Kamuela 1","NWS","HydroNet-UaNet","BI",877.824,20.0394993,-155.6084,NA,"KMUH1","81706680",NA,NA,0.253999999999905,2.286,6.60400000000004,0.508,2.7940000000001,0.508000000000038,0.253999999999905,0,0,0,0.309832661047019,8.93442563997044,17.78,136.398,38.0598826033688,17.78,15.24,3.30200000000002,22.098,2.53999999999996,0.293752871187216,1.524,11.43,38.862
201.31,"Mealani 0256","HiMesonet","HiMesonet","BI",879,20.0394972,-155.6083761,NA,"069HI",NA,NA,NA,0,3.048,7.112,0,2.54,0.508,0,0,0,0,0.254,20.32,17.272,166.37,56.134,17.272,15.24,3.302,21.59,2.286,3.048,0.762,11.43,38.862
215.5,"Honokaa","NWS","HydroNet-UaNet","BI",591.9216,20.0656,-155.49,NA,"HNKH1","B15047DC",NA,NA,0,0.254,0,0,0,0,0,0,0,0,0,4.06400000000008,9.14400000000001,98.5519999999999,23.6220000000001,23.6219999999998,43.9420000000002,1.52399999999989,3.048,5.07999999999993,0.254000000000133,5.07999999999993,34.29,51.5620000000001
219,"Kukuihaele","SCAN","SCAN","BI",289,20.0955,-155.50864,NA,"KXAH1",NA,"2102",NA,NA,NA,NA,NA,NA,NA,NA,NA,NA,NA,NA,NA,NA,NA,NA,NA,NA,NA,2.54,NA,NA,NA,NA,NA
247.21,"Hanaula 0134","HiMesonet","HiMesonet","MA",1215,20.841,-156.5545,NA,"058HI",NA,NA,NA,0,0.762,0.762,1.27,0.254,1.27,0.254,0.508,0.254,0.254,44.6786,77.6478,280.4668,195.707,14.224,49.53,18.288,0,21.5646,131.0894,229.8446,19.812,37.338,36.576
250.2,"Ulupalakua Ranch","NWS","HydroNet-UaNet","MA",581.5584,20.6487999,-156.3981,NA,"ULUH1","8170531A",NA,NA,0,0,0,0,0,0,0,0,0,0,28.956,38.862,200.406,265.684,9.39800000000002,2.54000000000008,6.85799999999995,0,0.761999999999944,18.288,42.9259999999999,6.35000000000002,3.55600000000004,0
253,"AUWAHI HN-141","HiMesonet","HaleNet","MA",1177,20.644222,-156.342056,NA,"028HI",NA,NA,NA,0,0,0,0,0,NA,NA,NA,0,NA,56.5658,NA,NA,NA,NA,NA,NA,NA,NA,NA,NA,NA,NA,NA
254.11,"Kahikinui 0144","HiMesonet","HiMesonet","MA",713,20.633945,-156.273889,NA,"019HI",NA,NA,NA,2.032,0,0,0,0,0,NA,NA,NA,NA,NA,NA,NA,NA,NA,NA,NA,NA,NA,NA,NA,NA,NA,NA
254.12,"Upper Kahikinui 0145","HiMesonet","HiMesonet","MA",1034,20.644215,-156.284703,NA,"032HI",NA,NA,NA,0.508,0,0,0,0,0,2.286,NA,NA,NA,NA,NA,NA,NA,NA,NA,NA,NA,NA,NA,NA,NA,NA,NA
255,"KepuniGulchRainGage","USGS","USGS","MA",225.552,20.6195,-156.2518889,NA,"KPNH1","F000D4EA",NA,NA,1.27,0,0,0,0,0,0.50800000000001,0,0,0,32.512,47.752,128.778,230.632,11.4299999999999,12.192,3.048,0,1.2700000000001,26.67,33.7819999999999,9.39800000000002,3.048,3.30200000000002
257.12,"Na Kula","RAWS","RAWS","MA",279.5,20.64597,-156.1865,NA,"NKUH1",NA,NA,NA,0,0,0,0,0,0,0,0.254,0,0,NA,NA,NA,NA,NA,0,4.572,0,3.048,NA,NA,0,0,NA
258.7,"Kipahulu VC 0166","HiMesonet","HiMesonet","MA",29,20.661092,-156.044767,NA,"052HI",NA,NA,NA,NA,NA,NA,NA,NA,NA,7.1374,NA,NA,0,12.7,15.494,80.5434,NA,13.208,NA,NA,NA,5.842,NA,18.542,6.858,NA,NA
260.3,"Lipoa 0121","HiMesonet","HiMesonet","MA",88,20.7458333,-156.4305556,NA,"039HI",NA,NA,NA,0,0,0,0,0,0,0,0,0,0,28.3972,30.9372,202.9206,172.3644,4.572,11.2014,7.112,0,0.762,5.334,30.8102,2.794,3.556,4.572
266,"KAUPO GAP","RAWS","RAWS","MA",1228.344,20.68416667,-156.1519444,"USR0000HKAU","KPGH1","FA45A6E0",NA,NA,0.253999999999962,0.105193511930168,0,0.68375782754609,0,0.0525967559650839,1.77800000000002,3.62917616159079,0.0525967559650839,0,36.576,60.706,147.828,282.194,20.066,13.208,4.572,0,3.04800000000012,29.2099999999999,31.242,7.11199999999997,1.26999999999998,19.05
267.11,"Keokea 0116","HiMesonet","HiMesonet","MA",871,20.7067,-156.3554,NA,"016HI",NA,NA,NA,0,0,0,0,0,0,0,0,0,0,5.334,12.4714,267.462,305.3842,16.002,0,18.542,0,0.762,3.556,18.0594,2.794,2.54,1.778
267.8,"KULA 1","KULA 1","RAWS","MA",1998.5736,20.68305556,-156.3216667,NA,"KLFH1","AA10F12E",NA,NA,0,0,0,0,0,0,0,0,0,0,83.312,37.084,470.916,NA,46.482,4.82600000000025,19.05,0.253999999999905,8.8900000000001,28.194,44.45,9.14400000000001,3.55600000000004,5.84199999999987
279,"POHAKAU PALAHA HN-161","HiMesonet","HaleNet","MA",2460,20.730574,-156.141316,NA,"043HI",NA,NA,NA,0,0.508,0,3.302,0,0.254,30.988,17.526,0.254,0,43.688,33.782,300.101,454.5838,14.986,21.082,31.496,6.604,35.814,18.796,52.07,19.05,34.6456,242.8494
279.1,"Kuiki 0160","HiMesonet","HiMesonet","MA",2299,20.712186,-156.134742,NA,"070HI",NA,NA,NA,NA,NA,NA,NA,NA,NA,NA,NA,NA,NA,NA,NA,NA,NA,NA,NA,28.956,6.096,53.848,42.672,81.026,23.114,30.48,173.99
283,"Hamoa 0165","HiMesonet","HiMesonet","MA",106,20.719497,-156.002356,NA,"023HI",NA,NA,NA,0,1.27,1.016,1.778,0.508,0,0.254,2.032,4.0894,0,11.176,10.922,98.552,381.5842,8.128,6.096,13.462,10.16,13.4874,2.54,12.192,37.0332,22.6822,33.4518
297.1,"Olowalu 0132","HiMesonet","HiMesonet","MA",54,20.82078,-156.6152,NA,"055HI",NA,NA,NA,0,0,0.254,0,0,0,0,0,0,0,29.21,83.5152,154.7114,112.2934,2.032,13.462,11.938,0,8.636,30.48,143.129,6.35,6.096,0
311.2,"Kealia Pond NWR","Kealia Pond NWR","RAWS","MA",3.6576,20.7975,-156.4772222,NA,"KPDH1","32B2C438",NA,NA,0,0,0,0,0,0,0,0,0,0,26.924,45.974,191.77,146.812,4.82600000000002,5.84199999999998,6.096,0,2.79399999999998,9.39800000000002,28.956,9.90599999999995,1.77799999999991,6.60400000000004
322.2,"Pulehu 0118","HiMesonet","HiMesonet","MA",427,20.79532,-156.35991,NA,"042HI",NA,NA,NA,0,0,0,0,0,0,0,0,0,0,24.384,9.144,148.4122,208.9658,7.874,2.794,9.144,0,17.8562,3.556,16.002,1.778,7.366,18.542
324.6,"KULA AG HN-119","HiMesonet","HaleNet","MA",964,20.757889,-156.320028,NA,"001HI",NA,NA,NA,0,0,0,0,0,0,0,0,0,0,10.16,2.286,93.472,146.05,33.274,0.254,16.4215783696524,0.254,0.254,4.57650544728027,16.6907845724334,0.254,0.508,0.508
324.7,"Kula Branch Stn","NWS","HydroNet-UaNet","MA",944.88,20.7577991,-156.3217,"USC00515000","KBSH1","93220610",NA,NA,0,0,0,0,0,0,0,0,0,0,21.082,9.65200000000002,159.512,185.674,22.3519999999999,0,15.494,0.254000000000019,4.31799999999998,4.3180000000001,15.7479999999999,4.06399999999996,2.28599999999994,13.97
339.4,"PARK HQ HN-151","HiMesonet","HaleNet","MA",2114,20.759806,-156.248167,NA,"002HI",NA,NA,NA,0,0,0,0,0,0,0,0,0,0,30.226,16.002,281.432,224.79,42.418,1.524,23.876,0,5.334,4.826,10.16,2.794,7.62,52.07
339.5,"NENE NEST HN-152","HiMesonet","HaleNet","MA",2593,20.738194,-156.245833,NA,"013HI",NA,NA,NA,0,0,0,0,0,0,0,0,0,0,42.164,26.162,442.214,240.538,16.002,2.032,12.192,0,1.778,4.318,17.526,4.318,5.842,26.924
339.6,"SUMMIT HN-153","HiMesonet","HaleNet","MA",2984,20.710361,-156.25675,NA,"003HI",NA,NA,NA,0,0,0,0,0,0,0,0,0,0,44.958,36.576,282.831307056607,487.934,42.672,14.224,18.542,0.254,21.844,27.94,40.386,12.446,1.524,8.636
341.7,"WAIKAMOI HN-142","HiMesonet","HaleNet","MA",1935,20.773636,-156.222311,NA,"020HI",NA,NA,NA,0,0,0.254,0,0,0,0,7.112,0,0,26.5938,13.5128,234.7468,198.5772,40.9702,1.27,22.9362,0,3.6068,6.096,10.7188,2.3114,NA,156.3624
348.5,"WestWailuaikiRainGagenrKeanae","USGS","USGS","MA",472.44,20.81436111,-156.1429722,NA,"WWKH1","DD5E710A",NA,NA,0,13.462,13.7160000000001,12.954,0.508000000000038,1.52400000000011,17.0179999999998,12.446,1.01600000000008,0,11.4300000000001,11.684,110.998,133.096,11.6839999999997,5.8420000000001,41.9100000000001,0.762000000000171,3.80999999999972,6.85800000000017,13.7159999999999,9.65199999999982,91.4400000000003,154.686
353,"Hana AP","NWS","HydroNet-UaNet","MA",19,20.7946,-156.0157,"USC00511125","HNAH1","B150314C",NA,NA,0,1.27,0,0.254,0.25400000000036,0,1.77799999999979,0.508,0,0,5.07999999999993,10.1599999999999,91.4400000000001,188.214,3.04800000000023,16.7640000000001,49.5299999999997,6.85800000000017,6.34999999999991,2.03200000000015,9.90599999999949,6.09600000000046,104.648,13.462
361.1,"Lahainaluna","NWS","HydroNet-UaNet","MA",238.0488,20.8909,-156.6556,NA,"LAHH1","81700366",NA,NA,0,0,0,0,0,0,0,0,0,0,35.814,88.392,143.002,98.552,13.462,30.48,8.88999999999999,0,6.35000000000002,40.386,169.164,5.84199999999998,1.52400000000011,0
361.3,"Lahaina WTP 0131","HiMesonet","HiMesonet","MA",244,20.89072,-156.65493,NA,"036HI",NA,NA,NA,0,0,0,0,0,0,0,0,0,0,36.2712,86.3346,183.007,140.716,14.9606,28.9306,8.382,0,7.112,49.9872,183.007,6.604,1.778,0
380,"PuuKukuiRainGageatalt","BALDWIN PKRS","USGS","MA",1759,20.89083333,-156.6008333,"USC00514887","PKKH1","DD73556E",NA,NA,0,2.286,24.6379999999999,0.762,0,10.6679999999997,2.54000000000019,1.016,1.01599999999985,0,48.0059999999999,101.854,251.714,342.392,23.3679999999999,51.308,24.3839999999996,0,21.3360000000002,92.9639999999999,228.346,23.8760000000002,101.220756521985,361.812474261272
386.6,"Wailuku","NWS","HydroNet-UaNet","MA",146.9136,20.8831005,-156.5124,NA,"WUKH1","9321D776",NA,NA,0,0,0,0,0,0,0,0,0,0,32.766,54.864,201.93,206.248,13.9699999999999,9.90600000000006,36.5759999999999,3.30200000000002,5.58799999999997,46.9900000000001,171.196,11.1759999999999,21.3360000000002,9.90599999999995
390.4,"Waikapu Country Club","NWS","HydroNet-UaNet","MA",145.9992,20.8346996,-156.5135,NA,"WCCH1","9320E016",NA,NA,0,0,0,0,0,0,0,0,0,0,24.13,33.528,185.928,181.102,11.938,6.35000000000002,16.51,0.254000000000019,4.572,27.4319999999999,108.966,12.9540000000001,6.60400000000004,15.24
398,"KAHULUI AIRPORT","NOAA-NWS","NWS","MA",12,20.8887,-156.436,"USW00022516","PHOG",NA,NA,NA,0,0,0,0,0,0,0,0,0,0,25.654,23.114,186.436,138.938,3.556,15.748,58.928,0,6.35,6.858,82.042,6.604,7.112,2.794
426.6,"Pukalani","NWS","HydroNet-UaNet","MA",495.9096,20.8355007,-156.3307,NA,"PUKH1","15D2B52E",NA,NA,0,0,0,0,0,0,0,0,0,0,16.51,8.38200000000001,90.678,130.556,4.06400000000002,0.254000000000076,8.38199999999995,0,9.65199999999993,2.28600000000012,11.43,2.53999999999996,9.65200000000004,32.2579999999999
434.11,"Piiholo 0115","HiMesonet","HiMesonet","MA",637,20.8415,-156.2948,NA,"017HI",NA,NA,NA,0,0.254,0.254,0,0,0,0,0,0,0,14.732,11.938,99.4918,174.7774,10.922,2.032,22.098,0,16.4084,4.064,12.6492,2.032,36.6776,86.233
446.2,"EMI Base Yard 0155","HiMesonet","HiMesonet","MA",210,20.890997,-156.212316,NA,"048HI",NA,NA,NA,0,4.826,6.096,5.842,0.508,0.508,5.588,5.08,0,0,7.874,11.938,84.7852,55.2958,4.572,0.762,24.384,0,23.622,4.064,17.78,1.524,110.49,9.652
480.1,"Honokohau Stream near Honokohau","USGS","USGS","MA",271.5,20.959694,-156.587056,NA,"HKSH1","D110B6EA",NA,NA,0,2.032,0.508000000000038,2.286,1.524,0.254000000000019,0.253999999999905,3.3021,0,0,22.8599999999999,68.58,157.734,160.274,10.414,13.97,25.654,NA,20.066,13.462,145.288,9.39799999999991,69.3420000000001,21.3359999999998
482.5,"Kahakuloa","Kahakuloa","HydroNet-UaNet","MA",335.28,20.9540997,-156.5342,NA,"KHKH1","781001B6",NA,NA,0,0,0,0,0,0,0,0,0,0,NA,50.546,174.498,134.874,7.62,1.01600000000008,49.276,2.28600000000006,11.938,9.39800000000002,138.43,7.11199999999997,61.722,2.54000000000008
484.2,"Kaehu 0122","HiMesonet","HiMesonet","MA",6,20.909167,-156.489444,NA,"071HI",NA,NA,NA,0,0,0,0,0,0,0,0,0,0,34.798,41.9608,177.6222,166.878,9.906,9.398,20.32,0.762,2.54,23.368,178.2826,8.89,34.417,0.508
486.8,"West Kuiaha Rd 0156","HiMesonet","HiMesonet","MA",242,20.90433,-156.306715,NA,"066HI",NA,NA,NA,0,1.778,3.81,1.524,0,0.762,0.508,1.27,0.254,0,14.224,9.652,101.854,96.012,2.286,1.016,19.304,0,23.114,5.08,35.306,17.78,60.96,31.75
489,"Haiku","NWS","HydroNet-UaNet","MA",99.3648,20.9288998,-156.3225,"USC00510822","AIKH1","50A30568",NA,NA,0,1.778,3.30200000000002,1.524,0,2.53999999999996,1.524,2.032,0,0,16.51,9.90600000000001,107.442,83.8200000000001,2.28600000000006,3.80999999999995,16.256,0,9.39800000000002,6.35000000000002,42.9259999999999,25.1460000000001,70.6119999999999,7.62000000000012
494.1,"Honolua 0133","HiMesonet","HiMesonet","MA",170,21.0012,-156.62267,NA,"059HI",NA,NA,NA,0,2.286,0.254,1.016,0,0,0.254,0,0,0,17.526,64.3382,104.9528,103.7082,9.398,21.59,18.288,0,14.986,12.7,188.468,17.526,23.749,NA
524,"MOLOKAI KAUNAKAKAI MOLOKAI AIRPORT","ALOHA AIRLINES","NWS","MO",141,21.15514996,-157.0924625,"USW00022534","PHMK",NA,NA,NA,0,0,0,0,0,0,0,0,0,0,61.722,28.702,NA,70.104,3.81,0.762,NA,0,148.59,50.292,NA,NA,NA,NA
525.2,"Naiwa 0422","HiMesonet","HiMesonet","MO",68,21.128209,-157.082404,NA,"073HI",NA,NA,NA,0,0,0,0,0,0,0,0,0,0,60.8584,19.3802,113.792,66.802,10.1092,2.032,6.604,0,32.258,44.831,57.8104,142.9258,0.508,0
531.2,"Kualapuu 0421","HiMesonet","HiMesonet","MO",259,21.151872,-157.053235,NA,"072HI",NA,NA,NA,0,0,0.254,0,0,0,0,0,0,0,60.1726,56.0324,124.968,73.9648,8.7376,2.286,6.858,0,23.7744,58.1406,83.4136,156.0322,10.9982,0.254
536.5,"Kaunakakai Mauka","MOLOKAI GEN HOSP","HydroNet-UaNet","MO",28.3464,21.0946007,-157.0174,NA,"KACH1","50A0F2E2",NA,NA,0,0,0,0,0,0,0,0,0,0,53.086,16.256,93.98,55.372,26.4159999999999,1.52400000000006,7.87399999999997,0,14.478,48.768,78.486,107.188,1.26999999999998,0
541.2,"Puu ALII WEST","Puu ALII WEST","RAWS","MO",1159.764,21.14083333,-156.9022222,NA,"PAFH1","32D6062E",NA,NA,0,2.794,9.39799999999968,13.462,9.65200000000004,1.77800000000002,3.04799999999977,1.524,0,0,47.2439999999999,39.8779999999999,197.866,150.368,21.59,13.97,13.716,0,14.478,101.854,124.206,94.488,82.2959999999999,NA
542.11,"Kamalo","NWS","HydroNet-UaNet","MO",8.8392,21.052,-156.871,"USC00513045","KMLH1","50A0D40E",NA,NA,0,0.254,3.048,0.508,0,0.254000000000005,1.27,0.508,0,0.253999999999991,37.084,15.494,115.824,47.244,7.36600000000004,3.55599999999993,7.36600000000004,0,6.35000000000002,75.692,168.148,94.996,10.1600000000001,0
550.4,"Anapuka 0431","HiMesonet","HiMesonet","MO",68,21.215984,-157.241786,NA,"045HI",NA,NA,NA,0,0,0,0,0.254,0,0,0,0,0.254,46.5582,11.4808,122.8852,118.872,7.1628,0.254,7.112,0,21.971,86.4362,27.051,9.4996,0.254,0.254
553,"MAKAPULAPAI","RAWS","RAWS","MO",22.86,21.20333333,-156.9661111,"USR0000HMAK","MKPH1","FA9024CE",NA,NA,0,0.254,0.762,0.254,0.762000000000057,0,0,0,0,0,43.688,29.464,97.282,103.124,5.08000000000004,0.761999999999944,18.796,0,9.65200000000004,18.5419999999999,47.7520000000001,180.594,59.6900000000001,0.762000000000057
598.1,"Keopukaloa 0411","HiMesonet","HiMesonet","MO",187,21.145283,-156.729459,NA,"030HI",NA,NA,NA,0,0,0,0.508,0,0,0.254,0,0,0,65.5066,90.5002,144.8054,90.9828,21.7678,8.636,19.558,0.254,14.3764,73.1012,136.9568,236.1438,16.3068,0.508
598.2,"Honoulimaloo 0412","HiMesonet","HiMesonet","MO",402,21.131411,-156.758626,NA,"031HI",NA,NA,NA,1.8034,1.524,1.5494,1.27,1.016,0,1.016,0,0,0,72.4916,87.7824,170.0784,107.696,12.065,9.652,24.384,6.8834,16.3322,137.0076,151.1554,189.7888,74.041,1.524
656,"LANAI AIRPORT 656","HAWN AIRLINES","NWS","LA",396.2,20.7882389,-156.946639,"USC00515275","PHNY",NA,NA,NA,0,NA,NA,0,0,0,0,0,0,0,31.75,5.588,83.82,64.77,3.302,5.08,53.086,0,31.75,43.434,123.698,6.096,0,0
672.1,"Lanai City","NWS","HydroNet-UaNet","LA",498.0432,20.8262997,-156.9182,"USC00515286","LANH1","50A2F716",NA,NA,0,0,1.01599999999999,0,0,0,0,0,0,0,56.388,36.576,153.416,113.538,5.07999999999993,11.4299999999999,9.65200000000004,0,6.85799999999995,78.74,226.568,17.018,7.87400000000002,2.53999999999985
679,"LANAI 1","RAWS","RAWS","LA",387.096,20.87333333,-157.0063889,"USR0000HLAN","LNIH1","48702336",NA,NA,0,0,0.507999999999996,0,0,0,0,0,0,0,33.782,11.684,92.456,57.404,12.446,4.82600000000002,7.87399999999997,0,8.38200000000001,42.672,146.05,17.78,0,0
702.7,"Kapolei-Kalaeloa AP","NWS","NWS","OA",15,21.31667,-158.06667,"USW00022551","PHJR",NA,NA,NA,0,0,0,0,0,0,0,0,0,6.096,37.338,18.542,113.03,26.162,2.54,0,15.494,0,78.486,261.366,7.112,0.929164668539855,0.254,0
702.8,"PTWC","NWS","HydroNet-UaNet","OA",1.524,21.3150005,-157.9992,NA,"PTWH1",NA,NA,NA,0.227378397655586,0.115445784124662,0,0,0,0,0,0,0,8.74249942935366,66.8143801992233,22.606,122.174,39.37,9.31667553563279,0,18.9811671748977,0,92.9851950606974,252.276765345312,15.1712939092332,3.17575728721918,0.538871171436795,0
703,"HONOLULU INTERNATIONAL AIRPORT","USWB","NWS","OA",2.1,21.324,-157.9294,"USW00022521","PHNL",NA,NA,NA,0,0,0,0,0,0,0,0,0,2.54,44.958,16.51,139.446,44.45,11.43,0,NA,0,NA,59.944,9.652,2.794,0.254,0
721.4,"Palolo Fire Stn","NWS","HydroNet-UaNet","OA",59.436,21.2996006,-157.7944,"USC00517662","PFSH1","19014414",NA,NA,0,1.524,0.761999999999972,1.524,0,0,0.507999999999981,0,0,2.286,67.056,44.196,148.844,38.1,2.54000000000002,0,4.82599999999996,0.254000000000019,25.4,139.954,54.1020000000001,31.75,35.4846240886496,1.51722942088531
723.8,"Niu Valley","NWS","HydroNet-UaNet","OA",19.812,21.2896996,-157.7332,"USC00516865","NIUH1","1900D38C",NA,NA,0,0.508,0.507999999999981,3.556,0,0.254000000000019,0,0,0,2.03199999999998,62.23,35.306,132.842,28.4479999999999,1.77800000000002,0,6.85800000000006,0,15.24,122.682,55.88,36.322,49.276,1.77799999999991
724.22,"Hawaii Kai Golf Course","NWS","HydroNet-UaNet","OA",8.8392,21.2991009,-157.6644,NA,"HAJH1","183024DA",NA,NA,0,0,0,0.508,0.254000000000019,0,0,0,0,1.26999999999998,47.752,21.844,147.828,27.432,0.507999999999981,0,7.11200000000002,0.253999999999962,13.97,153.416,36.322,15.494,1.524,0
724.23,"Kaluanui Ridge 0531","HiMesonet","HiMesonet","OA",239,21.30491,-157.70302,NA,"061HI",NA,NA,NA,0,1.27,0,2.54,0,0,0,0,0.508,1.778,62.2808,50.7746,143.7132,30.48,1.27,0,9.652,0.254,13.208,135.8138,57.3278,33.4772,24.638,0.254
728.2,"PALEHUA","RAWS","RAWS","OA",722.376,21.385,-158.1041667,NA,"PLHH1","4870F55E",NA,NA,1.27000000000004,0,0.762000000000029,0,0,0.253999999999991,0,0,0,8.38200000000001,80.264,39.878,184.15,56.6419999999999,2.28600000000006,0,5.08000000000004,0,48.5139999999999,165.862,54.8640000000001,6.85799999999995,0,0
740.5,"Kunia","NWS","HydroNet-UaNet","OA",85.0392,21.3869991,-158.0358,NA,"KUNH1",NA,NA,NA,0.254,0.254,0,0,0.15265703284089,0.200929158116572,0.915942197045341,0,0,9.15141855701389,41.0907558194457,25.6727345265736,110.320467080867,26.509238072997,1.8754188608731,0.30531406568178,2.10834190856516,0.0763285164204451,15.5913141695659,82.839190457808,21.1715170538551,3.16899018815572,0.774808423451457,0.305344116278796
742.4,"HONOULIULI PHB","FWS","RAWS","OA",1.524,21.35666667,-158.0205556,NA,"HOFH1","327BF39A",NA,NA,0.253999999999991,0,0,0,0,0,0,0,0,6.85800000000002,37.592,26.67,140.716,28.956,3.55600000000004,0,3.30199999999996,0,11.938,73.406,11.43,1.52399999999994,0.507999999999981,0
752.6,"WAIAWA PHB","FWS","RAWS","OA",1.524,21.38694444,-157.9811111,NA,"WWFH1","3274C092",NA,NA,0,0,0.16053616057314,0,0.508,0.5081,3.048,6.35,1.778,17.78,45.5795224275384,12.954,133.863305623766,29.1098005688875,4.572,1.016,0.254,0.254,8.382,91.8885687073185,23.4842999876028,4.572,2.032,1.0161
771.11,"N.HalawaValleyRGattunnel","USGS","USGS","OA",335.28,21.40488889,-157.8504444,NA,"TNLH1","DD75A524",NA,NA,0.254,9.652,3.302,9.92773790912657,18.95175187758,2.286,6.35,3.81,2.032,3.048,48.006,34.036,225.971220122627,67.2401467320318,6.096,0,8.91583004617012,0,69.0646973353022,239.434456951051,39.0960138675136,2.54,176.849235311176,5.08
772.3,"MoanaluaRGNo.1atalt1000","USGS","USGS","OA",304.8,21.39338889,-157.8401111,NA,"MOGH1","1689664A",NA,NA,0.254,7.35421483037243,6.096,9.67448077998236,8.382,4.572,9.906,3.302,1.27,3.048,60.198,31.496,252.476,60.4748935720724,6.858,0,8.01877894909422,0,62.115870115288,192.024,31.75,6.096,178.562,2.07624780224279
772.5,"Moanalua Stream","USGS","HydroNet-UaNet","OA",72.2376,21.3736,-157.8801,"USC00516400","MOAH1","1900B66A",NA,NA,2.54000000000002,4.318,8.89000000000004,3.302,1.01599999999996,0.253999999999962,1.01600000000008,1.778,0,3.81,48.2599999999999,46.2280000000001,194.31,55.1180000000001,4.31799999999998,0,4.572,0,17.78,112.014,21.8439999999999,15.7479999999999,29.2100000000002,1.26999999999998
775.11,"Nuuanu Res1 0502","HiMesonet","HiMesonet","OA",117,21.339124,-157.836859,NA,"012HI",NA,NA,NA,0,3.81,7.112,10.922,1.778,0,1.27,2.032,0.254,2.286,44.7294,30.5308,177.292,46.5328,4.318,0,4.318,0,20.066,97.282,22.352,27.6352,112.0648,0
775.12,"Upper Waolani 0503","HiMesonet","HiMesonet","OA",202,21.34666,-157.83641,NA,"037HI",NA,NA,NA,0.762,4.572,4.826,13.208,2.286,0.254,2.032,4.318,0.254,2.54,46.482,29.972,173.482,50.038,6.35,0,4.572,0,20.32,90.932,21.082,34.036,132.588,0.254
775.13,"Waolani 0504","HiMesonet","HiMesonet","OA",98,21.33756,-157.84092,NA,"038HI",NA,NA,NA,0.254,4.064,8.382,9.398,1.27,0,0.762,1.524,0,2.54,45.974,31.75,177.8,51.816,4.826,0,4.572,0.254,19.812,96.012,22.606,29.972,97.282,0
775.14,"Napuumaia 0505","HiMesonet","HiMesonet","OA",508,21.35489,-157.83063,NA,"041HI",NA,NA,NA,0,4.572,3.048,8.89,3.302,0.762,4.572,3.556,0,1.016,33.782,17.526,71.882,54.102,5.842,0,4.318,0,11.684,59.182,13.208,28.194,163.068,0.508
781.12,"Luluku","NWS","HydroNet-UaNet","OA",84.1248,21.3875008,-157.8099,NA,"LULH1","93215162",NA,NA,6.60400000000016,4.064,3.30200000000013,9.652,2.79399999999998,5.08000000000004,0.254000000000019,0.254,0.254000000000133,2.54000000000008,59.1819999999999,48.26,298.958,98.2979999999998,8.63599999999997,0,7.11200000000008,0.761999999999944,23.1140000000003,206.248,30.9880000000001,11.4300000000001,69.5959999999998,0.508000000000038
784.11,"Kalawahine 0506","HiMesonet","HiMesonet","OA",506,21.34522,-157.80556,NA,"046HI",NA,NA,NA,0,12.192,8.89,42.418,16.256,0.508,6.604,6.35,2.794,2.032,68.834,55.118,217.932,73.406,4.826,0,4.826,0,21.082,179.578,41.91,33.528,116.84,3.302
785.12,"Lyon 0501","HiMesonet","HiMesonet","OA",151,21.333,-157.8025,NA,"011HI",NA,NA,NA,0,10.16,9.398,20.066,7.366,0.762,3.556,5.08,4.572,2.032,63.754,52.07,197.612,59.182,2.794,0,5.08,0,18.542,148.336,40.132,29.972,135.89,11.43
785.4,"Manoa Lyon Arbo","NWS","HydroNet-UaNet","OA",151.7904,21.3330002,-157.8024,"USC00516128","MNLH1",NA,NA,NA,0,10.922,5.334,NA,NA,2.12983496098829,5.91620822496747,3.54972493498048,1.89318663198959,2.83977994798438,44.7265341807541,42.418,183.642,47.752,2.286,0,NA,0,NA,133.35,NA,30.48,NA,2.78516658153697
787.2,"Maunawili","NWS","HydroNet-UaNet","OA",127.1016,21.3509998,-157.7668,NA,"MAUH1","19007374",NA,NA,3.30200000000002,1.778,2.03199999999993,6.35,0.508000000000038,0.254000000000019,0,1.524,0.253999999999905,2.28600000000006,82.042,79.756,339.344,78.74,3.55600000000004,0,8.8900000000001,0.507999999999811,38.8620000000001,242.57,61.4680000000001,26.162,59.944,2.79399999999987
788.2,"St Stephens Seminary","NWS","HydroNet-UaNet","OA",142.9512,21.3666992,-157.7786,NA,"STVH1","19005598",NA,NA,0.762000000000057,1.778,0.253999999999905,7.874,0,0,0.254000000000019,1.016,0,2.54000000000008,89.9159999999999,72.644,318.77,105.918,9.90599999999995,0,8.8900000000001,0.762000000000171,28.194,240.284,38.1000000000001,40.1319999999998,57.912,2.53999999999996
790.11,"Olomana Fire Stn","NWS","HydroNet-UaNet","OA",45.1104,21.3777008,-157.7507,"USC00517052","OFSH1","19011468",NA,NA,3.55600000000004,0.508,0,0,0,0,0,0,0,2.286,75.438,61.722,277.368,55.88,6.35000000000002,0,7.62,0.253999999999905,24.8920000000002,156.718,24.8920000000001,32.766,9.14400000000001,3.048
793.2,"BELLOWS AFS AT WAIMANALO","NWS","STATE","OA",6.66,21.3667,-157.717,NA,"BELH1","B14036D2",NA,NA,0,0.254,0,0.254,0,0,0,0,0,0.253999999999962,54.6100000000001,76.9619999999999,207.264,19.0500000000001,1.01599999999996,0,11.684,0,10.16,145.288,32.0040000000001,19.05,6.60399999999993,0.254000000000019
795.3,"Waimanalo Nonokio","NWS","HydroNet-UaNet","OA",20.1168,21.3356991,-157.7116,NA,"WMLH1","224185AC",NA,NA,0.507999999999981,0.254,0,0.254,0,0,0,0,0,NA,NA,NA,NA,NA,NA,NA,NA,NA,NA,NA,NA,NA,NA,NA
801.1,"Waianae Kawiwi","MT VIEW DAIRY","HydroNet-UaNet","OA",19.812,21.4566994,-158.18,NA,"WAIH1","1562920A",NA,NA,1.01599999999998,0,0,0,0,0,0,0,0,5.33400000000003,65.278,25.654,135.128,25.4,0,0,3.048,0,45.466,80.5180000000001,6.34999999999997,0,0,0
801.2,"WAIANAE BOAT HARBOR","NWS","STATE","OA",4.25,21.4503,-158.184,NA,"WBHH1","15D13434",NA,NA,0.76199999999983,0,0,0,0,0,0,0,0,4.82600000000014,57.6579999999999,26.9240000000001,106.426,25.654,0,0,4.06400000000008,0,51.308,58.674,15.748,0,0.761999999999944,0
803.2,"WAIANAE VALLEY","RAWS","RAWS","OA",291.6936,21.48055556,-158.1552778,"USR0000HWVA","WNVH1","487005DA",NA,NA,0.507999999999981,0,1.77799999999999,0,0,0,0,0,0,5.84200000000001,94.234,57.404,186.436,45.466,0.761999999999944,0,5.33399999999995,0,86.106,148.59,29.718,2.03200000000004,19.812,0
824.2,"Waipio","NWS","HydroNet-UaNet","OA",124.968,21.4199009,-158.0058,NA,"PECH1",NA,NA,NA,1.27,0.106472229803666,1.13323350014125,0.548733850889942,0.255388818468107,0.37950881174349,1.15183946563803,2.47008981301903,0.671906354955515,13.096736928379,48.751906295188,53.594,99.5251940380061,23.114,0.254,0.383946488546009,2.83129298425035,0.0959866221365022,56.038423484186,110.80156042551,22.5048946063311,4.25357622212081,2.8606069255304,0.383984278554724
828,"SCHOFIELD EAST","RAWS","RAWS","OA",381,21.49944444,-157.9933333,"USR0000HSCH","SCEH1","325AB384",NA,NA,0.50800000000072,0,29.21,0,0.761999999999716,0.507999999999811,1.52399999999943,0,2.53999999999996,4.31800000000021,57.4039999999995,83.3119999999999,193.04,36.0680000000002,0.762000000000626,0,6.34999999999945,0,61.7220000000007,295.655999999999,46.4820000000009,1.52399999999943,49.5299999999997,0.253999999999905
834.13,"Waiawa CF","NWS","HydroNet-UaNet","OA",235.6104,21.4440994,-157.9669,"USC00519257","WAWH1",NA,NA,NA,2.17597341769445,3.2878148473499,12.5460673784293,2.15059184962047,0.620689477048315,0.244637019594189,1.11246307844675,0.508,0,3.98588591316541,72.0307029613604,84.9024903083528,199.136,32.766,2.14368484217205,0,6.24823261548595,0.138529220300666,38.3494005890333,147.144257772818,51.332796532069,11.0822852559036,43.7886945630156,0.957382272225081
835.2,"Palisades","NWS","HydroNet-UaNet","OA",261.8232,21.4298,-157.9452,NA,"PACH1",NA,NA,NA,1.13567090502006,3.22419706939133,12.3033064670667,2.10897883881515,0.608679407392505,0.239903400362092,1.09093740489225,0.862764866642189,0.701868388112067,3.90876076568447,70.6369403926171,47.0862979647612,197.612,39.0074989198896,2.22325710638946,0,6.12733204972393,0.13584874053309,37.6073564762137,144.297080801641,50.3395293916152,10.8678478877982,39.0320759843563,1.07558793839483
837.12,"WAIAHOLE STREAM NEAR KAHALUU 2N","USGS","USGS","OA",4,21.48194,-157.8458,NA,"WHSH1","162B784C",NA,NA,8.128,0,0.253999999999998,0,0.254,0,0,0,12.7,2.794,40.386,33.528,197.104,51.308,1.01600000000002,0,6.34999999999997,0.254000000000019,29.21,231.394,16.2560000000001,3.048,72.8979999999999,1.01600000000008
837.8,"Heeia NERR","NWS","unknown","OA",6.396949,21.43139,-157.81528,NA,"HRRH1","3B052656",NA,NA,4.572,1.778,0.254,0.508,1.524,0,0,0,0,1.778,60.706,48.006,274.32,72.39,5.08,0.254,4.064,2.54,23.114,207.772,16.51,6.096,43.434,0.762
839.8,"Waihee Pump","USGS","HydroNet-UaNet","OA",64.3128,21.4463997,-157.8584,"USC00519286","WPPH1","195042AC",NA,NA,0.372349416459492,2.59217622505648,1.98955987503886,4.27925042849329,6.60917740168092,0.508000000000038,0.507999999999925,0,0.762000000000057,3.048,53.6668115471799,36.5759999999999,216.316857244733,59.182,4.82599999999991,0,4.572,0.254000000000133,27.1781,206.237235068795,27.432,5.58799999999997,131.826,0.507999999999811
841.2,"KUAOKALA","S&PF","RAWS","OA",267.0048,21.57027778,-158.26,NA,"KKRH1","48710720",NA,NA,2.03200000000001,0,0,0,0,0,0,0,0,3.55600000000001,44.196,51.054,149.098,23.114,0.253999999999962,0,2.79399999999998,0,127.508,162.052,6.09599999999989,0.254000000000133,7.11199999999985,0
842.1,"MakahaRainGage","USGS","USGS","OA",286.097472,21.50158333,-158.1801667,NA,"MKHH1","DD1423F8",NA,NA,1.52399999999997,0,1.77800000000002,0,0,0,0,0,0,10.668,78.486,69.088,186.944,53.848,1.524,0,5.33400000000006,0,143.002,220.286641660643,32.0857758843891,3.43871303723454,16.9625366271936,0
842.8,"MAKUA RANGE","RAWS","RAWS","OA",6.096,21.52861111,-158.2261111,"USR0000HMAR","MKRH1","3266B468",NA,NA,0,0,0,0,0,0,0,0,0,0,3.302,NA,7.366,NA,0,0,0,0,18.288,NA,0,0,4.57200000000001,0.507999999999996
843.7,"DILLIINGHAM","RAWS","RAWS","OA",31.0896,21.57194444,-158.1986111,NA,"DLGH1","3278D278",NA,NA,1.524,0.254,0,0.254,0,0,0,0,0,3.55599999999981,42.9260000000002,53.0859999999999,167.894,42.672,0.254000000000133,0,4.06399999999985,0,124.206,147.066,4.06400000000008,0,20.5739999999998,0
844.5,"Kaala 0521","HiMesonet","HiMesonet","OA",1205,21.50675,-158.144861,NA,"026HI",NA,NA,NA,3.302,2.54,5.588,8.128,0.508,0.254,0.762,0.508,0.254,13.462,119.38,75.8952,356.0572,112.8014,3.048,0.254,6.096,0,192.6336,334.5688,35.052,2.54,84.5566,2.54
855.3,"Poamoho Exp Farm","NWS","HydroNet-UaNet","OA",220.0656,21.5382004,-158.0893,NA,"POAH1",NA,NA,NA,1.07696999089003,0,3.72415919049672,0,0.248277279366449,0.496554558732893,0,0.137858434607087,0,17.1311322762849,84.4142749845924,81.28,162.785954728483,45.5277138325315,1.28298629945373,0,5.95865470479481,0,161.628508867558,205.821864594786,22.5932324223467,3.47588191113031,8.19315021909274,0
858,"SCHOFIELD BARRACKS","RAWS","RAWS","OA",298.704,21.495,-158.0819444,"USR0000HSCO","SCBH1","3266A71E",NA,NA,0.508,0,3.81,0,0.254000000000001,0.507999999999997,0,0,0,17.526,86.36,80.01,222.504,90.678,2.286,0,6.09600000000006,0,165.354,210.566,23.1139999999999,3.55600000000004,8.38199999999995,0
883.12,"PoamohoRainGageNo1,nrWaawa","USGS","USGS","OA",755.904,21.53386111,-157.9213889,NA,"PMHH1","DD9836AA",NA,NA,4.064,2.794,5.588,13.0450201204341,13.7338469792774,4.61076786496127,2.89260936321438,19.304,5.98271704652056,6.31512166808755,62.3150568189533,71.6746432492599,234.511443809688,48.3455857246317,0.508,0,8.43395062729272,0.513486978194018,64.2581317437401,280.640666118278,36.3917614308071,5.14781642983319,80.9699755668302,3.52261905215579
884.4,"PunaluuRainGageatalt","USGS","USGS","OA",73.152,21.55644444,-157.899,NA,"PNSH1","DD989652",NA,NA,6.35000000000036,2.54,4.82600000000093,14.478,17.525999999998,7.11199999999917,2.54000000000087,1.016,9.65200000000004,3.04799999999886,39.3700000000026,48.5139999999992,161.036,36.8299999999981,0,0,6.604000000003,0.761999999998807,60.4520000000011,291.083999999997,26.9240000000009,0,79.5020000000004,0.761999999998807
885.7,"OAHU FOREST NWR","RAWS","RAWS","OA",698.9,21.47747,-157.9369,NA,"OFRH1","8379F6FA",NA,NA,1.77800000000002,4.064,16.51,13.97,5.84199999999998,2.53999999999996,3.30200000000002,6.096,0.254000000000019,2.53999999999996,36.322,29.21,152.4,25.1460000000001,1.01599999999996,0,6.60399999999993,0,31.242,190.246,37.338,1.01599999999985,20.0660000000003,2.03199999999993
886.12,"Kaaawa Makai 0541","HiMesonet","HiMesonet","OA",3,21.540352,-157.845041,NA,"049HI",NA,NA,NA,10.6934,0.254,0.508,2.794,0,0,0,0,7.8994,2.032,43.8404,57.7596,137.5664,25.5016,0.254,0,8.128,18.0848,48.0568,240.7412,16.9164,0.254,29.6672,0.762
886.4,"KahanaRainGageatalt","USGS","USGS","OA",28.956,21.54041667,-157.8825556,NA,"KNRH1","17B972EE",NA,NA,1.91098330462174,0.508,2.28599999999994,1.27,17.526,5.33400000000006,0.508000000000038,1.524,11.6839999999999,3.556,50.8,53.34,180.34,38.608,0.253999999999962,0,7.11200000000002,1.01600000000002,57.15,290.576,26.67,1.52400000000011,55.372,3.80999999999995
886.8,"Hakipuu Mauka","RILEY W","HydroNet-UaNet","OA",8.5344,21.5067005,-157.8547,"USC00510920","HAKH1","16C69380",NA,NA,1.39313374191428,0,0.761999999999944,2.286,0.253999999999905,0,0,0,1.77800000000002,3.048,47.752,36.0680000000001,173.482,42.1639999999999,0,0,7.11200000000008,4.06400000000008,41.91,274.574,22.8600000000001,0.253999999999905,117.094,0.762000000000171
892.3,"Kalahee Ridge 0551","HiMesonet","HiMesonet","OA",197,21.63252,-158.04065,NA,"056HI",NA,NA,NA,0,3.302,6.096,5.334,1.524,0.508,0.508,1.016,0,4.318,57.6834,32.3342,121.0564,30.226,0,0,10.6934,0,94.4372,NA,2.032,6.604,44.5516,1.016
897.11,"KamananuiRainGageatalt","USGS","USGS","OA",219.456,21.62238889,-158.0143056,NA,"KMRH1","DD34C1E4",NA,NA,0.254,1.778,6.096,12.7,4.826,1.778,2.54,4.318,0,5.842,39.878,55.88,151.13,33.02,0,0,4.97161622585502,0,27.9493521036474,118.11,18.2420161300723,6.35,73.152,1.524
897.9,"PupukeaRdRainGageatalt","USGS","USGS","OA",353.568,21.59902778,-158.0169167,NA,"PPRH1","1713D512",NA,NA,0,5.334,4.826,35.56,2.794,0.508,0.762,3.302,0,6.604,44.704,85.09,238.521427179867,30.48,3.31996670669141,0,6.12532778300298,0.254,24.8227438758828,109.22,23.4059490344779,4.826,55.626,2.032
905.22,"Punaluu Pump","NWS","HydroNet-UaNet","OA",3.9624,21.5842991,-157.8916,NA,"PUNH1","19051152",NA,NA,11.4300000000001,NA,0.253999999999962,NA,0,0,0.762,NA,NA,NA,35.306,87.1220000000001,145.034,30.9880000000001,0,0,6.85799999999995,7.36599999999999,NA,NA,27.9400000000001,0.253999999999905,29.21,NA
909,"KAHUKU TRAINING AREA","RAWS","RAWS","OA",181.6608,21.67916667,-157.9894444,"USR0000HKAH","KTAH1","325A861E",NA,NA,1.77800000000002,0,0.761999999999944,0,0.253999999999905,0,0,0,7.36600000000021,3.55599999999981,38.3540000000003,19.5579999999998,108.966,29.9720000000002,0,0,8.38200000000006,1.77800000000002,44.2837700865103,122.060764986484,3.55600000000004,10.6679999999999,16.002,2.03199999999993
911.1,"KII","RAWS","RAWS","OA",1.524,21.68833333,-157.9525,"USR0000HKII","KFWH1","8375210E",NA,NA,2.54000000000005,0,0,0,0,0,0,0,11.938,2.03200000000001,25.654,25.908,90.678,25.146,0,0,4.06399999999996,5.33400000000006,58.928,133.604,5.08000000000004,12.192,8.63599999999997,2.53999999999996
912,"KAUHUKU 912","KUILIMA  GOLF","COOP","OA",4,21.695,-157.9811,"USC00512570","KAHH1","B1404042",NA,NA,0,0,0,0,0,0,0,0,1.27000000000021,0,NA,NA,40.1320000000001,26.162,0,0,1.52399999999966,NA,NA,NA,NA,NA,NA,NA
926,"PORT ALLEN CAA AIRPORT","FAA","COOP","KA",9,21.89381249,-159.6010997,"USW0022526","PAKH1","B159A272",NA,NA,0,0,0.762000000000057,0,0.254000000000019,0,0.254000000000019,0.762,0.762000000000057,50.292,16.256,35.306,94.234,0.507999999999925,1.524,0.254000000000019,0.508000000000038,0,48.514,2.03199999999993,0,0,0,0
934.2,"Lawai NTBG 0621","HiMesonet","HiMesonet","KA",106,21.905295,-159.510395,NA,"044HI",NA,NA,NA,0,0,3.556,1.524,2.032,0.762,0.508,0.508,0.254,74.2188,23.9014,56.5658,132.9436,1.778,4.318,0.254,0.508,0,64.0334,3.81,0,0.254,0,0
940.3,"POIPU","NWS","STATE","KA",14.8,21.8828,-159.429,NA,"POIH1","B15997E8",NA,NA,0,0,3.55600000000004,0.254,0,0,0,0,0,41.9099999999994,14.4780000000005,42.4180000000001,170.434,2.53999999999996,1.77799999999979,0,0,0,70.6120000000005,7.61999999999944,0,0,0,0
946,"WAIMEA HTS","RAWS","RAWS","KA",159.7152,21.96638889,-159.6638889,NA,"WHGH1","487090B8",NA,NA,0,0,0,0,0,2.28599999999999,0,0,0.254000000000005,45.72,11.684,51.816,74.422,2.286,10.16,1.01599999999996,0.507999999999981,0,39.624,4.31799999999998,0,0,0,0
946.1,"WAIMEA TANK AT WAIMEA","NWS","unknown","KA",70,21.964722,-159.666944,NA,"WMTH1","1900E616",NA,NA,0,0,0,0,0,3.048,0,0,0.253999999999998,48.26,11.176,57.404,76.708,0.253999999999991,10.16,0.761999999999972,0.507999999999981,0,38.354,4.572,0,0,0,0
966.4,"Hanapepe","NWS","HydroNet-UaNet","KA",110.6424,21.9365005,-159.5866,NA,"HNPH1","156011EA",NA,NA,0,0,0.50800000000001,0,0,0.507999999999996,0,0,0,60.706,19.812,42.164,103.886,1.524,3.80999999999995,0.254000000000076,0.507999999999981,0,48.768,1.524,0,0,0,0
986.2,"Kalaheo","KUKUILONO GOLF COU","HydroNet-UaNet","KA",263.0424,21.9183006,-159.5265,NA,"KHEH1","1560740C",NA,NA,0,0,5.334,0.741319537893287,1.35168738407672,0.254,2.54,0,0.254,72.644,31.496,69.85,125.984,1.77800000000002,4.31799999999998,0.253999999999962,0.762000000000057,0,70.358,2.53999999999996,0,0.762000000000057,0,0
992.1,"Omao","NWS","HydroNet-UaNet","KA",99.9744,21.9071007,-159.4768,"USC00517116","OMAH1","195001A6",NA,NA,0,0,4.23994595610105,0,0.508,1.016,0,0,0,68.326,23.876,48.26,155.956,3.30199999999996,4.31799999999998,0,0.508000000000038,0,66.2939999999999,6.858,0,0,0,0
1020.1,"LIHUE WEATHER SERVICE OFFICE AIRPORT 1020.1","LIHUE WEATHER SERVICE OFFICE AIRPORT 1020.1","NWS","KA",45,21.98156999,-159.3422063,"USW00022536","PHLI",NA,NA,NA,0.508,0.254,2.286,0.762,0.762,0,0.508,0.254,0,45.212,6.604,48.006,131.064,0.508,0.508,0,1.23924923757133,0,481.584,3.81,0.254,0.762,8.128,1.27
1029,"MANA","RAWS","RAWS","KA",26.2128,22.02944444,-159.7622222,NA,"MNRH1","4870603C",NA,NA,0,0,0,0,0,0,0,0,0,27.686,3.55600000000001,40.386,48.768,1.27000000000001,9.65199999999999,16.764,0,NA,NA,NA,NA,NA,NA,NA
1036,"PUU OPAE","RAWS","RAWS","KA",652.8816,22.04083333,-159.6958333,NA,"POPH1","4870734A",NA,NA,0.253999999999991,0,0,0,0,0,0,0,1.524,37.592,16.002,65.278,111.252,3.80999999999995,17.78,12.446,0.507999999999981,0,21.0820000000001,9.90600000000001,0.761999999999944,0,0.254000000000019,0
1042,"WaialaeRainGagenrWaimea","USGS","USGS","KA",1219.2,22.08972222,-159.5925,NA,"WLGH1","DDF7C28E",NA,NA,0,0,1.016,1.016,0.253999999999998,0.254000000000005,0.508000000000003,0,0,54.102,33.782,82.804,171.958,6.096,32.512,6.35000000000002,0.761999999999944,1.52400000000006,24.13,11.1759999999999,1.26999999999998,2.0320000000001,4.31799999999993,1.01599999999996
1047,"Mt.WaialealeRainGagenrLihue","USGS","USGS","KA",1569.72,22.07088889,-159.4979722,"USC00516565","WLLH1","DD5E818E",NA,NA,0.761999999999716,0.508,30.4800000000002,42.672,30.9879999999998,15.4940000000001,57.1499999999999,14.7093443264368,6.82933843727403,155.956,54.1019999999999,140.716,164.338,9.39799999999968,26.4160000000002,4.31800000000021,1.77799999999979,0.507999999999811,61.2140000000004,4.57199999999966,0,11.9380000000001,18.288,5.58799999999974
1051,"NWailuaDitchRainGagenrLihue","LIHUE PLANTATION","USGS","KA",338.328,22.0625,-159.4677222,"USC00516888","WLDH1","1732B3E0",NA,NA,0,0,8.63599999999997,6.35,11.1759999999999,8.12799999999993,16.7640000000001,7.112,3.30199999999991,131.064,69.8500000000001,101.854,151.384,3.04799999999977,27.6860000000001,6.35000000000036,10.9219999999996,6.60400000000027,87.1219999999998,11.1759999999999,0,4.57200000000012,3.04800000000023,1.26999999999953
1052.3,"Waiahi Rain Gage","USGS","USGS","KA",248,22.0227,-159.4651,NA,"WIRH1",NA,NA,NA,0,0,9.398,17.526,9.906,8.636,10.922,4.572,1.016,91.44,44.704,80.772,165.608,0.254,17.526,4.318,NA,5.334,NA,2.54,0,0.508,0.254,0.508
1054.11,"Hanamaulu 0641","HiMesonet","HiMesonet","KA",225,22.018201,-159.437989,NA,"060HI",NA,NA,NA,5.3848,0.254,4.826,7.112,6.858,2.032,0.254,0.508,1.016,61.0362,51.1302,78.0796,117.9068,0.762,9.398,2.286,7.62,1.524,77.5462,3.048,0,0,0,1.016
1059,"Lihue Variety Stn","NWS","HydroNet-UaNet","KA",117.0432,22.0240002,-159.3868,NA,"LIHH1","1561501A",NA,NA,0,0,2.53999999999996,3.048,1.77799999999996,10.16,0,0,1.01599999999996,50.292,41.402,58.166,97.282,0.254000000000019,2.28599999999994,0.508000000000038,6.096,0.507999999999925,68.326,2.79399999999998,0,0,0.254000000000019,0
1060,"Wailua UH Exp Stn","NWS","HydroNet-UaNet","KA",158.1912,22.0660992,-159.396,"USC00519475","WUHH1",NA,NA,NA,0,0,4.572,2.54,2.54,0.508,0.508,0,0,39.624,16.002,74.93,44.958,0.254,2.794,1.38322896138314,2.54,1.016,58.674,5.842,0,1.016,0.254,0.762
1061.5,"Wailua UH Exp Stn","NWS","HydroNet-UaNet","KA",158,22.066,-159.3962,NA,"WUHH1","15C163D6",NA,NA,0,0,4.572,2.54,3.81000000000006,2.53999999999991,0.762000000000057,0,0,57.15,25.2048712289487,80.5179999999999,88.1379999999999,0.254000000000019,5.8420000000001,1.97320060560224,2.79399999999998,2.28600000000017,58.6739999999999,11.176,0,1.77800000000002,0.254000000000019,0.761999999999944
1069,"PUU LUA","RAWS","RAWS","KA",1021.08,22.08916667,-159.6791667,NA,"PLRH1","487083CE",NA,NA,0.253999999999991,0,0,0,0,0,0,0,0.507999999999981,46.736,18.034,57.912,110.744,2.286,20.828,14.7320000000001,0.507999999999925,0,18.288,9.65199999999993,0.254000000000133,0.507999999999925,1.2700000000001,0
1074,"MAKAHA RIDGE","RAWS","RAWS","KA",544.9824,22.13055556,-159.7152778,"USR0000HMAH","MKAH1","3286026C",NA,NA,0,0,0,0,0,0,0,0,0,16.51,1.52400000000006,25.908,42.418,0.254000000000019,21.59,2.03199999999998,0.254000000000019,0,11.43,7.62,1.01600000000002,10.414,7.87399999999997,0
1076,"Kokee","NWS","HydroNet-UaNet","KA",1279.2456,22.1485996,-159.6448,NA,"KOKH1","1900E616",NA,NA,0,0,0,0.973903197136578,0,3.048,0,0.0842646109060393,0.253999999999998,48.26,11.176,57.404,76.708,0.253999999999991,10.16,0.761999999999972,0.507999999999981,0,38.354,4.572,0,3.52546783810674,11.1761319318628,0
1082,"WaiakoaliRainGagenrWaimea","USGS","USGS","KA",1042.416,22.1245,-159.6220833,"519130","WKRH1","17B79574",NA,NA,0,0,0.8741361509889,0.988481561037661,0.227423568706812,0.206275165659111,0,0.0855259684674305,0,40.386,27.6151847206828,53.451613337144,139.192,2.66389166065839,16.256,4.21028716235548,0.462999429105453,0,22.5981917267577,9.94670905074223,0.5114813352339,3.302,6.35,1.016
1083,"MoCrsgRainGagenrWaimea","USGS","USGS","KA",1042.416,22.11708333,-159.6009722,"USC00516433","MCRH1","D109224A",NA,NA,0,0,0.865353476181263,0.762,0,0.254,0,0.254,0,40.386,37.592,52.9145709812678,140.208,2.63712684358513,26.924,5.334,0.4583475526016,0,22.3711417769848,15.24,0.254,5.334,4.064,1.016
1084,"KilohanaRainGafenrHanalei","USGS","USGS","KA",1219.2,22.15408333,-159.5946111,"USC00514610","KLOH1","DDCC972A",NA,NA,0,0,3.81000000000006,2.794,1.01599999999996,0.254000000000019,0.253999999999962,0,0,25.4,25.908,44.7040000000001,104.14,3.80999999999995,31.75,2.03200000000004,0.254000000000019,0,10.9219999999999,7.62000000000012,0,8.52006997822808,56.134,5.33400000000006
1094.2,"Kapahi","NWS","HydroNet-UaNet","KA",158.496,22.1021004,-159.3856,"USC00513171","KPIH1","15608488",NA,NA,0,0,4.75806899958339,2.89984356294542,4.14089964107884,2.42296680063502,3.22875687955122,1.1751075985558,0.545585670758034,56.6480743557861,26.4151993962142,73.3752210594878,72.853834424644,0.688681577233084,7.67501832062283,2.06795293545675,3.7440022035539,2.032,45.72,14.732,0,3.30200000000001,1.01599999999999,0.762
1102.3,"Kealia 0611","HiMesonet","HiMesonet","KA",148,22.128016,-159.336382,NA,"065HI",NA,NA,NA,0,0,0,2.794,12.954,20.574,0,1.27,1.778,36.3474,59.8424,47.2948,75.7682,0,3.048,3.048,4.572,1.016,34.036,11.2014,0,4.826,0.254,0
1111.4,"Anahola","HAWN FRUIT PACKERS","HydroNet-UaNet","KA",75.2856,22.1373997,-159.312,NA,"ANHH1","1560029C",NA,NA,0,0,0,0,0,1.77800000000002,0.253999999999962,0,0,28.7020000000001,39.8779999999999,43.688,78.2319999999999,0,1.77800000000002,2.03200000000004,4.31799999999998,0.762000000000057,35.3059999999999,6.85800000000006,0,NA,0,0
1115.1,"PH Wainiha","NWS","HydroNet-UaNet","KA",35.052,22.1959991,-159.5563,NA,"WNHH1","15C03150",NA,NA,0,0,0.508000000000152,0.508,0,0,0,0,0.761999999999944,7.36599999999999,2.28600000000017,15.7479999999999,31.2420000000001,0.762000000000057,NA,NA,NA,NA,NA,NA,NA,NA,NA,NA
1116.2,"Lower Limahuli 0603","HiMesonet","HiMesonet","KA",31,22.219805,-159.575195,NA,"024HI",NA,NA,NA,0,0,0.254,0.254,0,0,0,0,0,6.858,0.508,11.684,25.908,1.016,12.192,1.524,0.254,0,2.794,5.842,0.254,2.032,0,1.27
1117.11,"Waipa 0601","HiMesonet","HiMesonet","KA",5,22.202647,-159.518833,NA,"014HI",NA,NA,NA,0,0,1.016,0.762,0,0,0.508,0.762,4.064,8.89,0.762,13.208,25.4,0.254,6.096,1.27,0.508,0,4.064,1.016,0,5.08,1.524,1.27
1117.8,"Hanalei","NWS","HydroNet-UaNet","KA",4.8768,22.1982002,-159.4951,"USC00513386","HNIH1","B159849E",NA,NA,0,0,1.26999999999998,2.286,0.254000000000019,0,1.01600000000008,0.508,4.572,9.65199999999993,1.524,9.90600000000006,28.194,0,5.07999999999993,1.01600000000008,0.254000000000019,0.254000000000019,5.84199999999998,1.524,0,4.06399999999996,2.28600000000006,0.761999999999944
1117.9,"PRINCEVILLE AIRPORT NEAR KILAUEA 4W","NWS","STATE","KA",88.497,22.2114,-159.443,NA,"PRIH1","15D696F8",NA,NA,0,NA,NA,NA,NA,NA,NA,NA,NA,17.78,1.01600000000002,15.24,33.02,0.253999999999962,3.81,1.01600000000002,0.507999999999981,0,8.63599999999997,2.79399999999998,0.254000000000076,1.77800000000002,2.53999999999991,0.508000000000095
1132.11,"Common Ground 0602","HiMesonet","HiMesonet","KA",112,22.197439,-159.42123,NA,"015HI",NA,NA,NA,0,0,1.524,3.302,1.524,2.54,10.668,2.54,NA,22.86,4.572,17.78,27.178,0,3.302,1.778,1.524,0.254,8.89,2.794,0,2.794,0.508,0
1146,"Moloaa Dairy","RAWS","RAWS","KA",85.344,22.18333333,-159.3375,"USR0000HMOL","MLDH1","AAB6D15A",NA,NA,0,0,1.01599999999996,0,NA,0.762,3.30200000000002,0,9.65199999999999,32.766,36.322,33.782,63.4999999999999,0.254000000000133,2.53999999999985,3.81000000000006,1.01599999999996,1.01600000000008,16.764,5.58799999999997,1.524,2.79399999999998,0,0
79.6,"Kulani NWR","NWS","HydroNet-UaNet","BI",1623.3648,19.5543995,-155.3089,NA,"KNWH1",NA,NA,NA,7.18575919125778,2.99577151556842,1.19700616983003,5.81508475769828,0.998911357006842,0.276755204681215,6.41480274517576,7.09267243962252,3.63910037485168,0.253989208660226,13.3393204981537,3.66905413893256,51.5195048181569,89.8319460865,16.6287250025437,25.0124871045576,49.245051685995,6.68667991872745,2.28001146770281,0.167683187511125,18.6677355510434,9.51140489254972,12.8468468755119,7.01701579164745
724.21,"Kamehame","NWS","HydroNet-UaNet","OA",242.316,21.3085995,-157.6791,NA,"KMHH1","190046EE",NA,NA,0,0.388023834485211,0.388023834485197,2.71616684139648,0,0.19401191724262,0,0,0,1.55209533794083,47.5329197244384,26.9676564967222,101.468232717883,21.7293347311718,1.35808342069825,0,5.2383217655504,0,11.6407150345563,93.7077560281785,42.6826217933732,27.7437041656926,37.6383119450655,1.35808342069817
804,"Lualualei","US VY","HydroNet-UaNet","OA",35.9664,21.4211006,-158.1352,"USC00515647","LUAH1","8170406C",NA,NA,0.807270399999082,0,0.484362239999453,0,0,0.161454079999806,0,0,0,5.32798463999378,51.0194892799404,25.3482905599704,117.054207999863,36.0042598399579,1.45308671999834,0,3.22908159999625,0,30.8377292799639,105.429514239877,34.8740812799593,4.35926015999488,0,0
810.1,"WHEELER ARMY AIR FIELD 810.1","COOP","NWS","OA",255,21.48722,-158.02806,"USW00022508","WAFH1","B14101B2",NA,NA,0.942815139047864,0,0.404063631020479,0,0.134687877006786,0,0,0,3.90594843319836,1.88563027809561,20.3378694280324,10.3709665295263,57.7810992359327,15.8931694868068,0,0,4.44469994122563,0.942815139047864,NA,NA,1.88563027809573,5.65689083428707,8.48533625143068,1.07750301605465
820.6,"Mililani","NWS","HydroNet-UaNet","OA",226.7712,21.4638004,-157.9991,"USC00516261","MITH1",NA,NA,NA,1.52234389593822,1.20710951623541,9.84375261105397,0.923083747709433,0.540921843062331,0.384507961581119,0.584461712960635,0.615513254633557,0.500726574057901,9.27712086788505,61.0781993671681,59.3990656410784,147.752862996432,36.0104359525989,1.49975432041521,0,5.09020684916869,0,86.5855513085106,178.034561022818,24.9775576396015,6.19632878905394,21.4502864157796,0.405104868063241
842.9,"MAKUA RIDGE","RAWS","RAWS","OA",533.4,21.54277778,-158.1988889,"USR0000HMRG","MKGH1","3266C2F8",NA,NA,NA,NA,NA,NA,NA,NA,NA,NA,NA,NA,NA,110.065726981235,NA,NA,NA,NA,NA,NA,NA,NA,NA,NA,NA,NA
